Timestamp,Location,Seats Free,Total Seats
2025-04-02 17:11:56,Ground Floor,147,267
2025-04-02 17:11:56,First Floor,102,252
2025-04-02 17:11:56,Second Floor,147,270
2025-04-02 17:11:56,Ground Floor,147,267
2025-04-02 17:11:56,First Floor,64,194
2025-04-02 17:11:56,Medical Library: Level A,70,91
2025-04-02 17:11:56,Medical Library: Level B,138,173
2025-04-02 17:11:56,Chemistry Library,160,231
2025-04-02 17:11:56,Education Library,51,92
2025-04-02 17:11:56,Grace Reeves Study Centre,89,124
2025-04-02 17:11:56,Physics Library,141,174
2025-04-02 17:11:56,Queen's Library,51,168
2025-04-02 17:11:56,Second Floor (Live Learning)),24,86
2025-04-02 17:11:56,Third Floor,97,226
2025-04-02 17:11:56,Hawthorns Study Lounge,56,80
2025-04-02 17:11:56,The Brambles,89,102
2025-04-02 17:11:56,Veterinary Sciences Library,80,83
2025-04-02 17:11:56,Wills Memorial Library: Ante Library and Cooper Room,57,66
2025-04-02 17:11:56,Wills Memorial Library: East Wing,49,246
2025-04-02 17:11:56,Wills Memorial Library: South Wing,97,251
2025-04-02 17:15:56,Ground Floor,147,267
2025-04-02 17:15:56,First Floor,102,252
2025-04-02 17:15:56,Second Floor,147,270
2025-04-02 17:15:56,Ground Floor,147,267
2025-04-02 17:15:56,First Floor,64,194
2025-04-02 17:15:56,Medical Library: Level A,70,91
2025-04-02 17:15:56,Medical Library: Level B,138,173
2025-04-02 17:15:56,Chemistry Library,160,231
2025-04-02 17:15:56,Education Library,51,92
2025-04-02 17:15:56,Grace Reeves Study Centre,89,124
2025-04-02 17:15:56,Physics Library,141,174
2025-04-02 17:15:56,Queen's Library,51,168
2025-04-02 17:15:56,Second Floor (Live Learning)),24,86
2025-04-02 17:15:56,Third Floor,97,226
2025-04-02 17:15:56,Hawthorns Study Lounge,56,80
2025-04-02 17:15:56,The Brambles,89,102
2025-04-02 17:15:56,Veterinary Sciences Library,80,83
2025-04-02 17:15:56,Wills Memorial Library: Ante Library and Cooper Room,57,66
2025-04-02 17:15:56,Wills Memorial Library: East Wing,49,246
2025-04-02 17:15:56,Wills Memorial Library: South Wing,97,251
2025-04-02 17:21:39,Ground Floor,147,267
2025-04-02 17:21:39,First Floor,102,252
2025-04-02 17:21:39,Second Floor,147,270
2025-04-02 17:21:39,Ground Floor,147,267
2025-04-02 17:21:39,First Floor,64,194
2025-04-02 17:21:39,Medical Library: Level A,70,91
2025-04-02 17:21:39,Medical Library: Level B,138,173
2025-04-02 17:21:39,Chemistry Library,160,231
2025-04-02 17:21:39,Education Library,51,92
2025-04-02 17:21:39,Grace Reeves Study Centre,89,124
2025-04-02 17:21:39,Physics Library,141,174
2025-04-02 17:21:39,Queen's Library,84,168
2025-04-02 17:21:39,Second Floor (Live Learning)),24,86
2025-04-02 17:21:39,Third Floor,97,226
2025-04-02 17:21:39,Hawthorns Study Lounge,56,80
2025-04-02 17:21:39,The Brambles,89,102
2025-04-02 17:21:39,Veterinary Sciences Library,80,83
2025-04-02 17:21:39,Wills Memorial Library: Ante Library and Cooper Room,57,66
2025-04-02 17:21:39,Wills Memorial Library: East Wing,49,246
2025-04-02 17:21:39,Wills Memorial Library: South Wing,97,251
2025-04-03 00:00:37,Ground Floor,??,267
2025-04-03 00:00:37,First Floor,??,252
2025-04-03 00:00:37,Second Floor,??,270
2025-04-03 00:00:37,Ground Floor,??,267
2025-04-03 00:00:37,First Floor,??,194
2025-04-03 00:00:37,Medical Library: Level A,??,91
2025-04-03 00:00:37,Medical Library: Level B,??,173
2025-04-03 00:00:37,Chemistry Library,??,231
2025-04-03 00:00:37,Education Library,??,92
2025-04-03 00:00:37,Grace Reeves Study Centre,??,124
2025-04-03 00:00:37,Physics Library,??,174
2025-04-03 00:00:37,Queen's Library,142,168
2025-04-03 00:00:37,Second Floor (Live Learning)),??,86
2025-04-03 00:00:37,Third Floor,??,226
2025-04-03 00:00:37,Hawthorns Study Lounge,??,80
2025-04-03 00:00:37,The Brambles,??,102
2025-04-03 00:00:37,Veterinary Sciences Library,??,83
2025-04-03 00:00:37,Wills Memorial Library: Ante Library and Cooper Room,??,66
2025-04-03 00:00:37,Wills Memorial Library: East Wing,??,246
2025-04-03 00:00:37,Wills Memorial Library: South Wing,??,251
2025-04-03 00:58:48,Ground Floor,??,267
2025-04-03 00:58:48,First Floor,??,252
2025-04-03 00:58:48,Second Floor,??,270
2025-04-03 00:58:48,Ground Floor,??,267
2025-04-03 00:58:48,First Floor,??,194
2025-04-03 00:58:48,Medical Library: Level A,??,91
2025-04-03 00:58:48,Medical Library: Level B,??,173
2025-04-03 00:58:48,Chemistry Library,??,231
2025-04-03 00:58:48,Education Library,??,92
2025-04-03 00:58:48,Grace Reeves Study Centre,??,124
2025-04-03 00:58:48,Physics Library,??,174
2025-04-03 00:58:48,Queen's Library,??,168
2025-04-03 00:58:48,Second Floor (Live Learning)),??,86
2025-04-03 00:58:48,Third Floor,??,226
2025-04-03 00:58:48,Hawthorns Study Lounge,??,80
2025-04-03 00:58:48,The Brambles,??,102
2025-04-03 00:58:48,Veterinary Sciences Library,??,83
2025-04-03 00:58:48,Wills Memorial Library: Ante Library and Cooper Room,??,66
2025-04-03 00:58:48,Wills Memorial Library: East Wing,??,246
2025-04-03 00:58:48,Wills Memorial Library: South Wing,??,251
2025-04-03 02:25:13,Ground Floor,??,267
2025-04-03 02:25:13,First Floor,??,252
2025-04-03 02:25:13,Second Floor,??,270
2025-04-03 02:25:13,Ground Floor,??,267
2025-04-03 02:25:13,First Floor,??,194
2025-04-03 02:25:13,Medical Library: Level A,??,91
2025-04-03 02:25:13,Medical Library: Level B,??,173
2025-04-03 02:25:13,Chemistry Library,??,231
2025-04-03 02:25:13,Education Library,??,92
2025-04-03 02:25:13,Grace Reeves Study Centre,??,124
2025-04-03 02:25:13,Physics Library,??,174
2025-04-03 02:25:13,Queen's Library,??,168
2025-04-03 02:25:13,Second Floor (Live Learning)),??,86
2025-04-03 02:25:13,Third Floor,??,226
2025-04-03 02:25:13,Hawthorns Study Lounge,??,80
2025-04-03 02:25:13,The Brambles,??,102
2025-04-03 02:25:13,Veterinary Sciences Library,??,83
2025-04-03 02:25:13,Wills Memorial Library: Ante Library and Cooper Room,??,66
2025-04-03 02:25:13,Wills Memorial Library: East Wing,??,246
2025-04-03 02:25:13,Wills Memorial Library: South Wing,??,251
2025-04-03 03:21:15,Ground Floor,??,267
2025-04-03 03:21:15,First Floor,??,252
2025-04-03 03:21:15,Second Floor,??,270
2025-04-03 03:21:15,Ground Floor,??,267
2025-04-03 03:21:15,First Floor,??,194
2025-04-03 03:21:15,Medical Library: Level A,??,91
2025-04-03 03:21:15,Medical Library: Level B,??,173
2025-04-03 03:21:15,Chemistry Library,??,231
2025-04-03 03:21:15,Education Library,??,92
2025-04-03 03:21:15,Grace Reeves Study Centre,??,124
2025-04-03 03:21:15,Physics Library,??,174
2025-04-03 03:21:15,Queen's Library,??,168
2025-04-03 03:21:15,Second Floor (Live Learning)),??,86
2025-04-03 03:21:15,Third Floor,??,226
2025-04-03 03:21:15,Hawthorns Study Lounge,??,80
2025-04-03 03:21:15,The Brambles,??,102
2025-04-03 03:21:15,Veterinary Sciences Library,??,83
2025-04-03 03:21:15,Wills Memorial Library: Ante Library and Cooper Room,??,66
2025-04-03 03:21:15,Wills Memorial Library: East Wing,??,246
2025-04-03 03:21:15,Wills Memorial Library: South Wing,??,251
2025-04-03 04:15:37,Ground Floor,??,267
2025-04-03 04:15:37,First Floor,??,252
2025-04-03 04:15:37,Second Floor,??,270
2025-04-03 04:15:37,Ground Floor,??,267
2025-04-03 04:15:37,First Floor,??,194
2025-04-03 04:15:37,Medical Library: Level A,??,91
2025-04-03 04:15:37,Medical Library: Level B,??,173
2025-04-03 04:15:37,Chemistry Library,??,231
2025-04-03 04:15:37,Education Library,??,92
2025-04-03 04:15:37,Grace Reeves Study Centre,??,124
2025-04-03 04:15:37,Physics Library,??,174
2025-04-03 04:15:37,Queen's Library,??,168
2025-04-03 04:15:37,Second Floor (Live Learning)),??,86
2025-04-03 04:15:37,Third Floor,??,226
2025-04-03 04:15:37,Hawthorns Study Lounge,??,80
2025-04-03 04:15:37,The Brambles,??,102
2025-04-03 04:15:37,Veterinary Sciences Library,??,83
2025-04-03 04:15:37,Wills Memorial Library: Ante Library and Cooper Room,??,66
2025-04-03 04:15:37,Wills Memorial Library: East Wing,??,246
2025-04-03 04:15:37,Wills Memorial Library: South Wing,??,251
2025-04-03 04:51:30,Ground Floor,??,267
2025-04-03 04:51:30,First Floor,??,252
2025-04-03 04:51:30,Second Floor,??,270
2025-04-03 04:51:30,Ground Floor,??,267
2025-04-03 04:51:30,First Floor,??,194
2025-04-03 04:51:30,Medical Library: Level A,??,91
2025-04-03 04:51:30,Medical Library: Level B,??,173
2025-04-03 04:51:30,Chemistry Library,??,231
2025-04-03 04:51:30,Education Library,??,92
2025-04-03 04:51:30,Grace Reeves Study Centre,??,124
2025-04-03 04:51:30,Physics Library,??,174
2025-04-03 04:51:30,Queen's Library,??,168
2025-04-03 04:51:30,Second Floor (Live Learning)),??,86
2025-04-03 04:51:30,Third Floor,??,226
2025-04-03 04:51:30,Hawthorns Study Lounge,??,80
2025-04-03 04:51:30,The Brambles,??,102
2025-04-03 04:51:30,Veterinary Sciences Library,??,83
2025-04-03 04:51:30,Wills Memorial Library: Ante Library and Cooper Room,??,66
2025-04-03 04:51:30,Wills Memorial Library: East Wing,??,246
2025-04-03 04:51:30,Wills Memorial Library: South Wing,??,251
2025-04-03 05:34:13,Ground Floor,??,267
2025-04-03 05:34:13,First Floor,??,252
2025-04-03 05:34:13,Second Floor,??,270
2025-04-03 05:34:13,Ground Floor,??,267
2025-04-03 05:34:13,First Floor,??,194
2025-04-03 05:34:13,Medical Library: Level A,??,91
2025-04-03 05:34:13,Medical Library: Level B,??,173
2025-04-03 05:34:13,Chemistry Library,??,231
2025-04-03 05:34:13,Education Library,??,92
2025-04-03 05:34:13,Grace Reeves Study Centre,??,124
2025-04-03 05:34:13,Physics Library,??,174
2025-04-03 05:34:13,Queen's Library,??,168
2025-04-03 05:34:13,Second Floor (Live Learning)),??,86
2025-04-03 05:34:13,Third Floor,??,226
2025-04-03 05:34:13,Hawthorns Study Lounge,??,80
2025-04-03 05:34:13,The Brambles,??,102
2025-04-03 05:34:13,Veterinary Sciences Library,??,83
2025-04-03 05:34:13,Wills Memorial Library: Ante Library and Cooper Room,??,66
2025-04-03 05:34:13,Wills Memorial Library: East Wing,??,246
2025-04-03 05:34:13,Wills Memorial Library: South Wing,??,251
2025-04-03 05:45:45,Ground Floor,??,267
2025-04-03 05:45:45,First Floor,??,252
2025-04-03 05:45:45,Second Floor,??,270
2025-04-03 05:45:45,Ground Floor,??,267
2025-04-03 05:45:45,First Floor,??,194
2025-04-03 05:45:45,Medical Library: Level A,??,91
2025-04-03 05:45:45,Medical Library: Level B,??,173
2025-04-03 05:45:45,Chemistry Library,??,231
2025-04-03 05:45:45,Education Library,??,92
2025-04-03 05:45:45,Grace Reeves Study Centre,??,124
2025-04-03 05:45:45,Physics Library,??,174
2025-04-03 05:45:45,Queen's Library,??,168
2025-04-03 05:45:45,Second Floor (Live Learning)),??,86
2025-04-03 05:45:45,Third Floor,??,226
2025-04-03 05:45:45,Hawthorns Study Lounge,??,80
2025-04-03 05:45:45,The Brambles,??,102
2025-04-03 05:45:45,Veterinary Sciences Library,??,83
2025-04-03 05:45:45,Wills Memorial Library: Ante Library and Cooper Room,??,66
2025-04-03 05:45:45,Wills Memorial Library: East Wing,??,246
2025-04-03 05:45:45,Wills Memorial Library: South Wing,??,251
2025-04-03 06:18:25,Ground Floor,??,267
2025-04-03 06:18:25,First Floor,??,252
2025-04-03 06:18:25,Second Floor,??,270
2025-04-03 06:18:25,Ground Floor,??,267
2025-04-03 06:18:25,First Floor,??,194
2025-04-03 06:18:25,Medical Library: Level A,??,91
2025-04-03 06:18:25,Medical Library: Level B,??,173
2025-04-03 06:18:25,Chemistry Library,??,231
2025-04-03 06:18:25,Education Library,??,92
2025-04-03 06:18:25,Grace Reeves Study Centre,??,124
2025-04-03 06:18:25,Physics Library,??,174
2025-04-03 06:18:25,Queen's Library,??,168
2025-04-03 06:18:25,Second Floor (Live Learning)),??,86
2025-04-03 06:18:25,Third Floor,??,226
2025-04-03 06:18:25,Hawthorns Study Lounge,??,80
2025-04-03 06:18:25,The Brambles,??,102
2025-04-03 06:18:25,Veterinary Sciences Library,??,83
2025-04-03 06:18:25,Wills Memorial Library: Ante Library and Cooper Room,??,66
2025-04-03 06:18:25,Wills Memorial Library: East Wing,??,246
2025-04-03 06:18:25,Wills Memorial Library: South Wing,??,251
2025-04-03 06:44:18,Ground Floor,??,267
2025-04-03 06:44:18,First Floor,??,252
2025-04-03 06:44:18,Second Floor,??,270
2025-04-03 06:44:18,Ground Floor,??,267
2025-04-03 06:44:18,First Floor,??,194
2025-04-03 06:44:18,Medical Library: Level A,??,91
2025-04-03 06:44:18,Medical Library: Level B,??,173
2025-04-03 06:44:18,Chemistry Library,??,231
2025-04-03 06:44:18,Education Library,??,92
2025-04-03 06:44:18,Grace Reeves Study Centre,??,124
2025-04-03 06:44:18,Physics Library,??,174
2025-04-03 06:44:18,Queen's Library,??,168
2025-04-03 06:44:18,Second Floor (Live Learning)),??,86
2025-04-03 06:44:18,Third Floor,??,226
2025-04-03 06:44:18,Hawthorns Study Lounge,??,80
2025-04-03 06:44:18,The Brambles,??,102
2025-04-03 06:44:18,Veterinary Sciences Library,??,83
2025-04-03 06:44:18,Wills Memorial Library: Ante Library and Cooper Room,??,66
2025-04-03 06:44:18,Wills Memorial Library: East Wing,??,246
2025-04-03 06:44:18,Wills Memorial Library: South Wing,??,251
2025-04-03 07:14:26,Ground Floor,??,267
2025-04-03 07:14:26,First Floor,??,252
2025-04-03 07:14:26,Second Floor,??,270
2025-04-03 07:14:26,Ground Floor,??,267
2025-04-03 07:14:26,First Floor,??,194
2025-04-03 07:14:26,Medical Library: Level A,??,91
2025-04-03 07:14:26,Medical Library: Level B,??,173
2025-04-03 07:14:26,Chemistry Library,??,231
2025-04-03 07:14:26,Education Library,??,92
2025-04-03 07:14:26,Grace Reeves Study Centre,??,124
2025-04-03 07:14:26,Physics Library,??,174
2025-04-03 07:14:26,Queen's Library,??,168
2025-04-03 07:14:26,Second Floor (Live Learning)),??,86
2025-04-03 07:14:26,Third Floor,??,226
2025-04-03 07:14:26,Hawthorns Study Lounge,??,80
2025-04-03 07:14:26,The Brambles,??,102
2025-04-03 07:14:26,Veterinary Sciences Library,??,83
2025-04-03 07:14:26,Wills Memorial Library: Ante Library and Cooper Room,??,66
2025-04-03 07:14:26,Wills Memorial Library: East Wing,??,246
2025-04-03 07:14:26,Wills Memorial Library: South Wing,??,251
2025-04-03 07:30:42,Ground Floor,??,267
2025-04-03 07:30:42,First Floor,??,252
2025-04-03 07:30:42,Second Floor,??,270
2025-04-03 07:30:42,Ground Floor,??,267
2025-04-03 07:30:42,First Floor,??,194
2025-04-03 07:30:42,Medical Library: Level A,??,91
2025-04-03 07:30:42,Medical Library: Level B,??,173
2025-04-03 07:30:42,Chemistry Library,??,231
2025-04-03 07:30:42,Education Library,??,92
2025-04-03 07:30:42,Grace Reeves Study Centre,??,124
2025-04-03 07:30:42,Physics Library,??,174
2025-04-03 07:30:42,Queen's Library,??,168
2025-04-03 07:30:42,Second Floor (Live Learning)),??,86
2025-04-03 07:30:42,Third Floor,??,226
2025-04-03 07:30:42,Hawthorns Study Lounge,??,80
2025-04-03 07:30:42,The Brambles,??,102
2025-04-03 07:30:42,Veterinary Sciences Library,??,83
2025-04-03 07:30:42,Wills Memorial Library: Ante Library and Cooper Room,??,66
2025-04-03 07:30:42,Wills Memorial Library: East Wing,??,246
2025-04-03 07:30:42,Wills Memorial Library: South Wing,??,251
2025-04-03 07:45:26,Ground Floor,??,267
2025-04-03 07:45:26,First Floor,??,252
2025-04-03 07:45:26,Second Floor,??,270
2025-04-03 07:45:26,Ground Floor,??,267
2025-04-03 07:45:26,First Floor,??,194
2025-04-03 07:45:26,Medical Library: Level A,??,91
2025-04-03 07:45:26,Medical Library: Level B,??,173
2025-04-03 07:45:26,Chemistry Library,??,231
2025-04-03 07:45:26,Education Library,??,92
2025-04-03 07:45:26,Grace Reeves Study Centre,??,124
2025-04-03 07:45:26,Physics Library,??,174
2025-04-03 07:45:26,Queen's Library,??,168
2025-04-03 07:45:26,Second Floor (Live Learning)),??,86
2025-04-03 07:45:26,Third Floor,??,226
2025-04-03 07:45:26,Hawthorns Study Lounge,??,80
2025-04-03 07:45:26,The Brambles,??,102
2025-04-03 07:45:26,Veterinary Sciences Library,??,83
2025-04-03 07:45:26,Wills Memorial Library: Ante Library and Cooper Room,??,66
2025-04-03 07:45:26,Wills Memorial Library: East Wing,??,246
2025-04-03 07:45:26,Wills Memorial Library: South Wing,??,251
2025-04-03 08:40:39,Ground Floor,212,267
2025-04-03 08:40:39,First Floor,203,252
2025-04-03 08:40:39,Second Floor,234,270
2025-04-03 08:40:39,Ground Floor,??,267
2025-04-03 08:40:39,First Floor,??,194
2025-04-03 08:40:39,Medical Library: Level A,??,91
2025-04-03 08:40:39,Medical Library: Level B,??,173
2025-04-03 08:40:39,Chemistry Library,??,231
2025-04-03 08:40:39,Education Library,76,92
2025-04-03 08:40:39,Grace Reeves Study Centre,??,124
2025-04-03 08:40:39,Physics Library,??,174
2025-04-03 08:40:39,Queen's Library,??,168
2025-04-03 08:40:39,Second Floor (Live Learning)),??,86
2025-04-03 08:40:39,Third Floor,??,226
2025-04-03 08:40:39,Hawthorns Study Lounge,??,80
2025-04-03 08:40:39,The Brambles,??,102
2025-04-03 08:40:39,Veterinary Sciences Library,??,83
2025-04-03 08:40:39,Wills Memorial Library: Ante Library and Cooper Room,??,66
2025-04-03 08:40:39,Wills Memorial Library: East Wing,??,246
2025-04-03 08:40:39,Wills Memorial Library: South Wing,??,251
2025-04-03 09:14:49,Ground Floor,212,267
2025-04-03 09:14:49,First Floor,203,252
2025-04-03 09:14:49,Second Floor,234,270
2025-04-03 09:14:49,Ground Floor,??,267
2025-04-03 09:14:49,First Floor,??,194
2025-04-03 09:14:49,Medical Library: Level A,??,91
2025-04-03 09:14:49,Medical Library: Level B,??,173
2025-04-03 09:14:49,Chemistry Library,??,231
2025-04-03 09:14:49,Education Library,67,92
2025-04-03 09:14:49,Grace Reeves Study Centre,??,124
2025-04-03 09:14:49,Physics Library,??,174
2025-04-03 09:14:49,Queen's Library,119,168
2025-04-03 09:14:49,Second Floor (Live Learning)),78,86
2025-04-03 09:14:49,Third Floor,186,226
2025-04-03 09:14:49,Hawthorns Study Lounge,78,80
2025-04-03 09:14:49,The Brambles,101,102
2025-04-03 09:14:49,Veterinary Sciences Library,83,83
2025-04-03 09:14:49,Wills Memorial Library: Ante Library and Cooper Room,??,66
2025-04-03 09:14:49,Wills Memorial Library: East Wing,??,246
2025-04-03 09:14:49,Wills Memorial Library: South Wing,??,251
2025-04-03 09:33:25,Ground Floor,183,267
2025-04-03 09:33:25,First Floor,156,252
2025-04-03 09:33:25,Second Floor,179,270
2025-04-03 09:33:25,Ground Floor,??,267
2025-04-03 09:33:25,First Floor,??,194
2025-04-03 09:33:25,Medical Library: Level A,81,91
2025-04-03 09:33:25,Medical Library: Level B,153,173
2025-04-03 09:33:25,Chemistry Library,192,231
2025-04-03 09:33:25,Education Library,67,92
2025-04-03 09:33:25,Grace Reeves Study Centre,??,124
2025-04-03 09:33:25,Physics Library,??,174
2025-04-03 09:33:25,Queen's Library,119,168
2025-04-03 09:33:25,Second Floor (Live Learning)),78,86
2025-04-03 09:33:25,Third Floor,186,226
2025-04-03 09:33:25,Hawthorns Study Lounge,78,80
2025-04-03 09:33:25,The Brambles,101,102
2025-04-03 09:33:25,Veterinary Sciences Library,83,83
2025-04-03 09:33:25,Wills Memorial Library: Ante Library and Cooper Room,60,66
2025-04-03 09:33:25,Wills Memorial Library: East Wing,201,246
2025-04-03 09:33:25,Wills Memorial Library: South Wing,212,251
2025-04-03 09:46:12,Ground Floor,183,267
2025-04-03 09:46:12,First Floor,156,252
2025-04-03 09:46:12,Second Floor,179,270
2025-04-03 09:46:12,Ground Floor,??,267
2025-04-03 09:46:12,First Floor,??,194
2025-04-03 09:46:12,Medical Library: Level A,81,91
2025-04-03 09:46:12,Medical Library: Level B,153,173
2025-04-03 09:46:12,Chemistry Library,192,231
2025-04-03 09:46:12,Education Library,67,92
2025-04-03 09:46:12,Grace Reeves Study Centre,??,124
2025-04-03 09:46:12,Physics Library,??,174
2025-04-03 09:46:12,Queen's Library,119,168
2025-04-03 09:46:12,Second Floor (Live Learning)),78,86
2025-04-03 09:46:12,Third Floor,186,226
2025-04-03 09:46:12,Hawthorns Study Lounge,78,80
2025-04-03 09:46:12,The Brambles,101,102
2025-04-03 09:46:12,Veterinary Sciences Library,83,83
2025-04-03 09:46:12,Wills Memorial Library: Ante Library and Cooper Room,60,66
2025-04-03 09:46:12,Wills Memorial Library: East Wing,201,246
2025-04-03 09:46:12,Wills Memorial Library: South Wing,212,251
2025-04-03 10:14:56,Ground Floor,183,267
2025-04-03 10:14:56,First Floor,156,252
2025-04-03 10:14:56,Second Floor,179,270
2025-04-03 10:14:56,Ground Floor,??,267
2025-04-03 10:14:56,First Floor,??,194
2025-04-03 10:14:56,Medical Library: Level A,81,91
2025-04-03 10:14:56,Medical Library: Level B,153,173
2025-04-03 10:14:56,Chemistry Library,192,231
2025-04-03 10:14:56,Education Library,57,92
2025-04-03 10:14:56,Grace Reeves Study Centre,??,124
2025-04-03 10:14:56,Physics Library,??,174
2025-04-03 10:14:56,Queen's Library,119,168
2025-04-03 10:14:56,Second Floor (Live Learning)),78,86
2025-04-03 10:14:56,Third Floor,186,226
2025-04-03 10:14:56,Hawthorns Study Lounge,78,80
2025-04-03 10:14:56,The Brambles,101,102
2025-04-03 10:14:56,Veterinary Sciences Library,80,83
2025-04-03 10:14:56,Wills Memorial Library: Ante Library and Cooper Room,60,66
2025-04-03 10:14:56,Wills Memorial Library: East Wing,201,246
2025-04-03 10:14:56,Wills Memorial Library: South Wing,212,251
2025-04-03 10:39:03,Ground Floor,172,267
2025-04-03 10:39:03,First Floor,126,252
2025-04-03 10:39:03,Second Floor,151,270
2025-04-03 10:39:03,Ground Floor,??,267
2025-04-03 10:39:03,First Floor,??,194
2025-04-03 10:39:03,Medical Library: Level A,83,91
2025-04-03 10:39:03,Medical Library: Level B,140,173
2025-04-03 10:39:03,Chemistry Library,192,231
2025-04-03 10:39:03,Education Library,57,92
2025-04-03 10:39:03,Grace Reeves Study Centre,??,124
2025-04-03 10:39:03,Physics Library,??,174
2025-04-03 10:39:03,Queen's Library,119,168
2025-04-03 10:39:03,Second Floor (Live Learning)),78,86
2025-04-03 10:39:03,Third Floor,186,226
2025-04-03 10:39:03,Hawthorns Study Lounge,78,80
2025-04-03 10:39:03,The Brambles,101,102
2025-04-03 10:39:03,Veterinary Sciences Library,80,83
2025-04-03 10:39:03,Wills Memorial Library: Ante Library and Cooper Room,63,66
2025-04-03 10:39:03,Wills Memorial Library: East Wing,170,246
2025-04-03 10:39:03,Wills Memorial Library: South Wing,185,251
2025-04-03 10:49:55,Ground Floor,172,267
2025-04-03 10:49:55,First Floor,126,252
2025-04-03 10:49:55,Second Floor,151,270
2025-04-03 10:49:55,Ground Floor,??,267
2025-04-03 10:49:55,First Floor,??,194
2025-04-03 10:49:55,Medical Library: Level A,83,91
2025-04-03 10:49:55,Medical Library: Level B,140,173
2025-04-03 10:49:55,Chemistry Library,192,231
2025-04-03 10:49:55,Education Library,57,92
2025-04-03 10:49:55,Grace Reeves Study Centre,??,124
2025-04-03 10:49:55,Physics Library,??,174
2025-04-03 10:49:55,Queen's Library,119,168
2025-04-03 10:49:55,Second Floor (Live Learning)),66,86
2025-04-03 10:49:55,Third Floor,176,226
2025-04-03 10:49:55,Hawthorns Study Lounge,64,80
2025-04-03 10:49:55,The Brambles,99,102
2025-04-03 10:49:55,Veterinary Sciences Library,80,83
2025-04-03 10:49:55,Wills Memorial Library: Ante Library and Cooper Room,63,66
2025-04-03 10:49:55,Wills Memorial Library: East Wing,170,246
2025-04-03 10:49:55,Wills Memorial Library: South Wing,185,251
2025-04-03 11:11:48,Ground Floor,172,267
2025-04-03 11:11:48,First Floor,126,252
2025-04-03 11:11:48,Second Floor,151,270
2025-04-03 11:11:48,Ground Floor,207,267
2025-04-03 11:11:48,First Floor,32,194
2025-04-03 11:11:48,Medical Library: Level A,83,91
2025-04-03 11:11:48,Medical Library: Level B,140,173
2025-04-03 11:11:48,Chemistry Library,192,231
2025-04-03 11:11:48,Education Library,49,92
2025-04-03 11:11:48,Grace Reeves Study Centre,112,124
2025-04-03 11:11:48,Physics Library,??,174
2025-04-03 11:11:48,Queen's Library,82,168
2025-04-03 11:11:48,Second Floor (Live Learning)),66,86
2025-04-03 11:11:48,Third Floor,176,226
2025-04-03 11:11:48,Hawthorns Study Lounge,64,80
2025-04-03 11:11:48,The Brambles,99,102
2025-04-03 11:11:48,Veterinary Sciences Library,81,83
2025-04-03 11:11:48,Wills Memorial Library: Ante Library and Cooper Room,63,66
2025-04-03 11:11:48,Wills Memorial Library: East Wing,170,246
2025-04-03 11:11:48,Wills Memorial Library: South Wing,185,251
2025-04-03 11:29:22,Ground Floor,164,267
2025-04-03 11:29:22,First Floor,118,252
2025-04-03 11:29:22,Second Floor,135,270
2025-04-03 11:29:22,Ground Floor,207,267
2025-04-03 11:29:22,First Floor,32,194
2025-04-03 11:29:22,Medical Library: Level A,83,91
2025-04-03 11:29:22,Medical Library: Level B,140,173
2025-04-03 11:29:22,Chemistry Library,122,231
2025-04-03 11:29:22,Education Library,49,92
2025-04-03 11:29:22,Grace Reeves Study Centre,112,124
2025-04-03 11:29:22,Physics Library,29,174
2025-04-03 11:29:22,Queen's Library,82,168
2025-04-03 11:29:22,Second Floor (Live Learning)),54,86
2025-04-03 11:29:22,Third Floor,181,226
2025-04-03 11:29:22,Hawthorns Study Lounge,60,80
2025-04-03 11:29:22,The Brambles,97,102
2025-04-03 11:29:22,Veterinary Sciences Library,81,83
2025-04-03 11:29:22,Wills Memorial Library: Ante Library and Cooper Room,63,66
2025-04-03 11:29:22,Wills Memorial Library: East Wing,170,246
2025-04-03 11:29:22,Wills Memorial Library: South Wing,185,251
2025-04-03 11:45:21,Ground Floor,164,267
2025-04-03 11:45:21,First Floor,118,252
2025-04-03 11:45:21,Second Floor,135,270
2025-04-03 11:45:21,Ground Floor,212,267
2025-04-03 11:45:21,First Floor,23,194
2025-04-03 11:45:21,Medical Library: Level A,83,91
2025-04-03 11:45:21,Medical Library: Level B,140,173
2025-04-03 11:45:21,Chemistry Library,122,231
2025-04-03 11:45:21,Education Library,49,92
2025-04-03 11:45:21,Grace Reeves Study Centre,117,124
2025-04-03 11:45:21,Physics Library,29,174
2025-04-03 11:45:21,Queen's Library,82,168
2025-04-03 11:45:21,Second Floor (Live Learning)),54,86
2025-04-03 11:45:21,Third Floor,181,226
2025-04-03 11:45:21,Hawthorns Study Lounge,60,80
2025-04-03 11:45:21,The Brambles,97,102
2025-04-03 11:45:21,Veterinary Sciences Library,81,83
2025-04-03 11:45:21,Wills Memorial Library: Ante Library and Cooper Room,63,66
2025-04-03 11:45:21,Wills Memorial Library: East Wing,170,246
2025-04-03 11:45:21,Wills Memorial Library: South Wing,185,251
2025-04-03 12:24:31,Ground Floor,191,267
2025-04-03 12:24:31,First Floor,133,252
2025-04-03 12:24:31,Second Floor,147,270
2025-04-03 12:24:31,Ground Floor,212,267
2025-04-03 12:24:31,First Floor,23,194
2025-04-03 12:24:31,Medical Library: Level A,84,91
2025-04-03 12:24:31,Medical Library: Level B,124,173
2025-04-03 12:24:31,Chemistry Library,163,231
2025-04-03 12:24:31,Education Library,60,92
2025-04-03 12:24:31,Grace Reeves Study Centre,107,124
2025-04-03 12:24:31,Physics Library,129,174
2025-04-03 12:24:31,Queen's Library,76,168
2025-04-03 12:24:31,Second Floor (Live Learning)),54,86
2025-04-03 12:24:31,Third Floor,181,226
2025-04-03 12:24:31,Hawthorns Study Lounge,60,80
2025-04-03 12:24:31,The Brambles,97,102
2025-04-03 12:24:31,Veterinary Sciences Library,81,83
2025-04-03 12:24:31,Wills Memorial Library: Ante Library and Cooper Room,54,66
2025-04-03 12:24:31,Wills Memorial Library: East Wing,124,246
2025-04-03 12:24:31,Wills Memorial Library: South Wing,168,251
2025-04-03 13:19:47,Ground Floor,191,267
2025-04-03 13:19:47,First Floor,133,252
2025-04-03 13:19:47,Second Floor,147,270
2025-04-03 13:19:47,Ground Floor,205,267
2025-04-03 13:19:47,First Floor,95,194
2025-04-03 13:19:47,Medical Library: Level A,84,91
2025-04-03 13:19:47,Medical Library: Level B,124,173
2025-04-03 13:19:47,Chemistry Library,163,231
2025-04-03 13:19:47,Education Library,57,92
2025-04-03 13:19:47,Grace Reeves Study Centre,107,124
2025-04-03 13:19:47,Physics Library,129,174
2025-04-03 13:19:47,Queen's Library,92,168
2025-04-03 13:19:47,Second Floor (Live Learning)),56,86
2025-04-03 13:19:47,Third Floor,107,226
2025-04-03 13:19:47,Hawthorns Study Lounge,64,80
2025-04-03 13:19:47,The Brambles,95,102
2025-04-03 13:19:47,Veterinary Sciences Library,79,83
2025-04-03 13:19:47,Wills Memorial Library: Ante Library and Cooper Room,62,66
2025-04-03 13:19:47,Wills Memorial Library: East Wing,161,246
2025-04-03 13:19:47,Wills Memorial Library: South Wing,171,251
2025-04-03 13:40:18,Ground Floor,107,267
2025-04-03 13:40:18,First Floor,96,252
2025-04-03 13:40:18,Second Floor,110,270
2025-04-03 13:40:18,Ground Floor,186,267
2025-04-03 13:40:18,First Floor,68,194
2025-04-03 13:40:18,Medical Library: Level A,77,91
2025-04-03 13:40:18,Medical Library: Level B,114,173
2025-04-03 13:40:18,Chemistry Library,211,231
2025-04-03 13:40:18,Education Library,57,92
2025-04-03 13:40:18,Grace Reeves Study Centre,104,124
2025-04-03 13:40:18,Physics Library,130,174
2025-04-03 13:40:18,Queen's Library,92,168
2025-04-03 13:40:18,Second Floor (Live Learning)),50,86
2025-04-03 13:40:18,Third Floor,81,226
2025-04-03 13:40:18,Hawthorns Study Lounge,61,80
2025-04-03 13:40:18,The Brambles,93,102
2025-04-03 13:40:18,Veterinary Sciences Library,79,83
2025-04-03 13:40:18,Wills Memorial Library: Ante Library and Cooper Room,62,66
2025-04-03 13:40:18,Wills Memorial Library: East Wing,161,246
2025-04-03 13:40:18,Wills Memorial Library: South Wing,171,251
2025-04-03 13:48:05,Ground Floor,107,267
2025-04-03 13:48:05,First Floor,96,252
2025-04-03 13:48:05,Second Floor,110,270
2025-04-03 13:48:05,Ground Floor,186,267
2025-04-03 13:48:05,First Floor,68,194
2025-04-03 13:48:05,Medical Library: Level A,77,91
2025-04-03 13:48:05,Medical Library: Level B,114,173
2025-04-03 13:48:05,Chemistry Library,211,231
2025-04-03 13:48:05,Education Library,57,92
2025-04-03 13:48:05,Grace Reeves Study Centre,104,124
2025-04-03 13:48:05,Physics Library,130,174
2025-04-03 13:48:05,Queen's Library,92,168
2025-04-03 13:48:05,Second Floor (Live Learning)),50,86
2025-04-03 13:48:05,Third Floor,81,226
2025-04-03 13:48:05,Hawthorns Study Lounge,61,80
2025-04-03 13:48:05,The Brambles,93,102
2025-04-03 13:48:05,Veterinary Sciences Library,79,83
2025-04-03 13:48:05,Wills Memorial Library: Ante Library and Cooper Room,62,66
2025-04-03 13:48:05,Wills Memorial Library: East Wing,161,246
2025-04-03 13:48:05,Wills Memorial Library: South Wing,171,251
2025-04-03 14:34:24,Ground Floor,111,267
2025-04-03 14:34:24,First Floor,85,252
2025-04-03 14:34:24,Second Floor,105,270
2025-04-03 14:34:24,Ground Floor,186,267
2025-04-03 14:34:24,First Floor,68,194
2025-04-03 14:34:24,Medical Library: Level A,78,91
2025-04-03 14:34:24,Medical Library: Level B,122,173
2025-04-03 14:34:24,Chemistry Library,214,231
2025-04-03 14:34:24,Education Library,54,92
2025-04-03 14:34:24,Grace Reeves Study Centre,104,124
2025-04-03 14:34:24,Physics Library,130,174
2025-04-03 14:34:24,Queen's Library,92,168
2025-04-03 14:34:24,Second Floor (Live Learning)),50,86
2025-04-03 14:34:24,Third Floor,81,226
2025-04-03 14:34:24,Hawthorns Study Lounge,61,80
2025-04-03 14:34:24,The Brambles,93,102
2025-04-03 14:34:24,Veterinary Sciences Library,79,83
2025-04-03 14:34:24,Wills Memorial Library: Ante Library and Cooper Room,52,66
2025-04-03 14:34:24,Wills Memorial Library: East Wing,84,246
2025-04-03 14:34:24,Wills Memorial Library: South Wing,145,251
2025-04-03 14:45:54,Ground Floor,111,267
2025-04-03 14:45:54,First Floor,85,252
2025-04-03 14:45:54,Second Floor,105,270
2025-04-03 14:45:54,Ground Floor,166,267
2025-04-03 14:45:54,First Floor,68,194
2025-04-03 14:45:54,Medical Library: Level A,78,91
2025-04-03 14:45:54,Medical Library: Level B,122,173
2025-04-03 14:45:54,Chemistry Library,214,231
2025-04-03 14:45:54,Education Library,54,92
2025-04-03 14:45:54,Grace Reeves Study Centre,102,124
2025-04-03 14:45:54,Physics Library,130,174
2025-04-03 14:45:54,Queen's Library,92,168
2025-04-03 14:45:54,Second Floor (Live Learning)),50,86
2025-04-03 14:45:54,Third Floor,81,226
2025-04-03 14:45:54,Hawthorns Study Lounge,62,80
2025-04-03 14:45:54,The Brambles,95,102
2025-04-03 14:45:54,Veterinary Sciences Library,79,83
2025-04-03 14:45:54,Wills Memorial Library: Ante Library and Cooper Room,52,66
2025-04-03 14:45:54,Wills Memorial Library: East Wing,84,246
2025-04-03 14:45:54,Wills Memorial Library: South Wing,145,251
2025-04-03 15:08:54,Ground Floor,123,267
2025-04-03 15:08:54,First Floor,105,252
2025-04-03 15:08:54,Second Floor,131,270
2025-04-03 15:08:54,Ground Floor,166,267
2025-04-03 15:08:54,First Floor,68,194
2025-04-03 15:08:54,Medical Library: Level A,78,91
2025-04-03 15:08:54,Medical Library: Level B,122,173
2025-04-03 15:08:54,Chemistry Library,214,231
2025-04-03 15:08:54,Education Library,58,92
2025-04-03 15:08:54,Grace Reeves Study Centre,102,124
2025-04-03 15:08:54,Physics Library,137,174
2025-04-03 15:08:54,Queen's Library,92,168
2025-04-03 15:08:54,Second Floor (Live Learning)),43,86
2025-04-03 15:08:54,Third Floor,125,226
2025-04-03 15:08:54,Hawthorns Study Lounge,62,80
2025-04-03 15:08:54,The Brambles,95,102
2025-04-03 15:08:54,Veterinary Sciences Library,79,83
2025-04-03 15:08:54,Wills Memorial Library: Ante Library and Cooper Room,52,66
2025-04-03 15:08:54,Wills Memorial Library: East Wing,84,246
2025-04-03 15:08:54,Wills Memorial Library: South Wing,145,251
2025-04-03 15:31:21,Ground Floor,123,267
2025-04-03 15:31:21,First Floor,105,252
2025-04-03 15:31:21,Second Floor,131,270
2025-04-03 15:31:21,Ground Floor,166,267
2025-04-03 15:31:21,First Floor,68,194
2025-04-03 15:31:21,Medical Library: Level A,78,91
2025-04-03 15:31:21,Medical Library: Level B,122,173
2025-04-03 15:31:21,Chemistry Library,214,231
2025-04-03 15:31:21,Education Library,58,92
2025-04-03 15:31:21,Grace Reeves Study Centre,102,124
2025-04-03 15:31:21,Physics Library,137,174
2025-04-03 15:31:21,Queen's Library,92,168
2025-04-03 15:31:21,Second Floor (Live Learning)),43,86
2025-04-03 15:31:21,Third Floor,125,226
2025-04-03 15:31:21,Hawthorns Study Lounge,62,80
2025-04-03 15:31:21,The Brambles,95,102
2025-04-03 15:31:21,Veterinary Sciences Library,79,83
2025-04-03 15:31:21,Wills Memorial Library: Ante Library and Cooper Room,58,66
2025-04-03 15:31:21,Wills Memorial Library: East Wing,94,246
2025-04-03 15:31:21,Wills Memorial Library: South Wing,159,251
2025-04-03 15:44:37,Ground Floor,123,267
2025-04-03 15:44:37,First Floor,105,252
2025-04-03 15:44:37,Second Floor,131,270
2025-04-03 15:44:37,Ground Floor,166,267
2025-04-03 15:44:37,First Floor,68,194
2025-04-03 15:44:37,Medical Library: Level A,78,91
2025-04-03 15:44:37,Medical Library: Level B,122,173
2025-04-03 15:44:37,Chemistry Library,214,231
2025-04-03 15:44:37,Education Library,58,92
2025-04-03 15:44:37,Grace Reeves Study Centre,102,124
2025-04-03 15:44:37,Physics Library,137,174
2025-04-03 15:44:37,Queen's Library,92,168
2025-04-03 15:44:37,Second Floor (Live Learning)),43,86
2025-04-03 15:44:37,Third Floor,125,226
2025-04-03 15:44:37,Hawthorns Study Lounge,62,80
2025-04-03 15:44:37,The Brambles,95,102
2025-04-03 15:44:37,Veterinary Sciences Library,79,83
2025-04-03 15:44:37,Wills Memorial Library: Ante Library and Cooper Room,58,66
2025-04-03 15:44:37,Wills Memorial Library: East Wing,94,246
2025-04-03 15:44:37,Wills Memorial Library: South Wing,159,251
2025-04-03 16:38:58,Ground Floor,151,267
2025-04-03 16:38:58,First Floor,114,252
2025-04-03 16:38:58,Second Floor,151,270
2025-04-03 16:38:58,Ground Floor,166,267
2025-04-03 16:38:58,First Floor,68,194
2025-04-03 16:38:58,Medical Library: Level A,84,91
2025-04-03 16:38:58,Medical Library: Level B,136,173
2025-04-03 16:38:58,Chemistry Library,214,231
2025-04-03 16:38:58,Education Library,73,92
2025-04-03 16:38:58,Grace Reeves Study Centre,102,124
2025-04-03 16:38:58,Physics Library,145,174
2025-04-03 16:38:58,Queen's Library,114,168
2025-04-03 16:38:58,Second Floor (Live Learning)),43,86
2025-04-03 16:38:58,Third Floor,125,226
2025-04-03 16:38:58,Hawthorns Study Lounge,62,80
2025-04-03 16:38:58,The Brambles,95,102
2025-04-03 16:38:58,Veterinary Sciences Library,79,83
2025-04-03 16:38:58,Wills Memorial Library: Ante Library and Cooper Room,55,66
2025-04-03 16:38:58,Wills Memorial Library: East Wing,128,246
2025-04-03 16:38:58,Wills Memorial Library: South Wing,159,251
2025-04-03 17:43:11,Ground Floor,151,267
2025-04-03 17:43:11,First Floor,114,252
2025-04-03 17:43:11,Second Floor,151,270
2025-04-03 17:43:11,Ground Floor,166,267
2025-04-03 17:43:11,First Floor,??,194
2025-04-03 17:43:11,Medical Library: Level A,88,91
2025-04-03 17:43:11,Medical Library: Level B,146,173
2025-04-03 17:43:11,Chemistry Library,205,231
2025-04-03 17:43:11,Education Library,83,92
2025-04-03 17:43:11,Grace Reeves Study Centre,102,124
2025-04-03 17:43:11,Physics Library,155,174
2025-04-03 17:43:11,Queen's Library,126,168
2025-04-03 17:43:11,Second Floor (Live Learning)),43,86
2025-04-03 17:43:11,Third Floor,125,226
2025-04-03 17:43:11,Hawthorns Study Lounge,62,80
2025-04-03 17:43:11,The Brambles,95,102
2025-04-03 17:43:11,Veterinary Sciences Library,79,83
2025-04-03 17:43:11,Wills Memorial Library: Ante Library and Cooper Room,55,66
2025-04-03 17:43:11,Wills Memorial Library: East Wing,128,246
2025-04-03 17:43:11,Wills Memorial Library: South Wing,159,251
2025-04-03 18:12:19,Ground Floor,178,267
2025-04-03 18:12:19,First Floor,140,252
2025-04-03 18:12:19,Second Floor,174,270
2025-04-03 18:12:19,Ground Floor,166,267
2025-04-03 18:12:19,First Floor,??,194
2025-04-03 18:12:19,Medical Library: Level A,89,91
2025-04-03 18:12:19,Medical Library: Level B,162,173
2025-04-03 18:12:19,Chemistry Library,205,231
2025-04-03 18:12:19,Education Library,83,92
2025-04-03 18:12:19,Grace Reeves Study Centre,102,124
2025-04-03 18:12:19,Physics Library,155,174
2025-04-03 18:12:19,Queen's Library,135,168
2025-04-03 18:12:19,Second Floor (Live Learning)),43,86
2025-04-03 18:12:19,Third Floor,125,226
2025-04-03 18:12:19,Hawthorns Study Lounge,62,80
2025-04-03 18:12:19,The Brambles,95,102
2025-04-03 18:12:19,Veterinary Sciences Library,79,83
2025-04-03 18:12:19,Wills Memorial Library: Ante Library and Cooper Room,55,66
2025-04-03 18:12:19,Wills Memorial Library: East Wing,128,246
2025-04-03 18:12:19,Wills Memorial Library: South Wing,159,251
2025-04-03 18:39:54,Ground Floor,178,267
2025-04-03 18:39:54,First Floor,140,252
2025-04-03 18:39:54,Second Floor,174,270
2025-04-03 18:39:54,Ground Floor,166,267
2025-04-03 18:39:54,First Floor,??,194
2025-04-03 18:39:54,Medical Library: Level A,89,91
2025-04-03 18:39:54,Medical Library: Level B,162,173
2025-04-03 18:39:54,Chemistry Library,205,231
2025-04-03 18:39:54,Education Library,83,92
2025-04-03 18:39:54,Grace Reeves Study Centre,??,124
2025-04-03 18:39:54,Physics Library,155,174
2025-04-03 18:39:54,Queen's Library,135,168
2025-04-03 18:39:54,Second Floor (Live Learning)),43,86
2025-04-03 18:39:54,Third Floor,125,226
2025-04-03 18:39:54,Hawthorns Study Lounge,62,80
2025-04-03 18:39:54,The Brambles,95,102
2025-04-03 18:39:54,Veterinary Sciences Library,79,83
2025-04-03 18:39:54,Wills Memorial Library: Ante Library and Cooper Room,60,66
2025-04-03 18:39:54,Wills Memorial Library: East Wing,207,246
2025-04-03 18:39:54,Wills Memorial Library: South Wing,216,251
2025-04-03 18:50:34,Ground Floor,178,267
2025-04-03 18:50:34,First Floor,140,252
2025-04-03 18:50:34,Second Floor,174,270
2025-04-03 18:50:34,Ground Floor,??,267
2025-04-03 18:50:34,First Floor,??,194
2025-04-03 18:50:34,Medical Library: Level A,89,91
2025-04-03 18:50:34,Medical Library: Level B,162,173
2025-04-03 18:50:34,Chemistry Library,205,231
2025-04-03 18:50:34,Education Library,83,92
2025-04-03 18:50:34,Grace Reeves Study Centre,??,124
2025-04-03 18:50:34,Physics Library,155,174
2025-04-03 18:50:34,Queen's Library,135,168
2025-04-03 18:50:34,Second Floor (Live Learning)),??,86
2025-04-03 18:50:34,Third Floor,??,226
2025-04-03 18:50:34,Hawthorns Study Lounge,??,80
2025-04-03 18:50:34,The Brambles,??,102
2025-04-03 18:50:34,Veterinary Sciences Library,79,83
2025-04-03 18:50:34,Wills Memorial Library: Ante Library and Cooper Room,60,66
2025-04-03 18:50:34,Wills Memorial Library: East Wing,207,246
2025-04-03 18:50:34,Wills Memorial Library: South Wing,216,251
2025-04-03 19:06:59,Ground Floor,178,267
2025-04-03 19:06:59,First Floor,140,252
2025-04-03 19:06:59,Second Floor,174,270
2025-04-03 19:06:59,Ground Floor,??,267
2025-04-03 19:06:59,First Floor,??,194
2025-04-03 19:06:59,Medical Library: Level A,89,91
2025-04-03 19:06:59,Medical Library: Level B,162,173
2025-04-03 19:06:59,Chemistry Library,205,231
2025-04-03 19:06:59,Education Library,83,92
2025-04-03 19:06:59,Grace Reeves Study Centre,??,124
2025-04-03 19:06:59,Physics Library,155,174
2025-04-03 19:06:59,Queen's Library,141,168
2025-04-03 19:06:59,Second Floor (Live Learning)),??,86
2025-04-03 19:06:59,Third Floor,??,226
2025-04-03 19:06:59,Hawthorns Study Lounge,??,80
2025-04-03 19:06:59,The Brambles,??,102
2025-04-03 19:06:59,Veterinary Sciences Library,??,83
2025-04-03 19:06:59,Wills Memorial Library: Ante Library and Cooper Room,60,66
2025-04-03 19:06:59,Wills Memorial Library: East Wing,207,246
2025-04-03 19:06:59,Wills Memorial Library: South Wing,216,251
2025-04-03 19:25:33,Ground Floor,178,267
2025-04-03 19:25:33,First Floor,140,252
2025-04-03 19:25:33,Second Floor,174,270
2025-04-03 19:25:33,Ground Floor,??,267
2025-04-03 19:25:33,First Floor,??,194
2025-04-03 19:25:33,Medical Library: Level A,89,91
2025-04-03 19:25:33,Medical Library: Level B,162,173
2025-04-03 19:25:33,Chemistry Library,205,231
2025-04-03 19:25:33,Education Library,83,92
2025-04-03 19:25:33,Grace Reeves Study Centre,??,124
2025-04-03 19:25:33,Physics Library,155,174
2025-04-03 19:25:33,Queen's Library,141,168
2025-04-03 19:25:33,Second Floor (Live Learning)),??,86
2025-04-03 19:25:33,Third Floor,??,226
2025-04-03 19:25:33,Hawthorns Study Lounge,??,80
2025-04-03 19:25:33,The Brambles,??,102
2025-04-03 19:25:33,Veterinary Sciences Library,??,83
2025-04-03 19:25:33,Wills Memorial Library: Ante Library and Cooper Room,60,66
2025-04-03 19:25:33,Wills Memorial Library: East Wing,207,246
2025-04-03 19:25:33,Wills Memorial Library: South Wing,216,251
2025-04-03 19:41:25,Ground Floor,178,267
2025-04-03 19:41:25,First Floor,140,252
2025-04-03 19:41:25,Second Floor,174,270
2025-04-03 19:41:25,Ground Floor,??,267
2025-04-03 19:41:25,First Floor,??,194
2025-04-03 19:41:25,Medical Library: Level A,89,91
2025-04-03 19:41:25,Medical Library: Level B,162,173
2025-04-03 19:41:25,Chemistry Library,205,231
2025-04-03 19:41:25,Education Library,83,92
2025-04-03 19:41:25,Grace Reeves Study Centre,??,124
2025-04-03 19:41:25,Physics Library,155,174
2025-04-03 19:41:25,Queen's Library,141,168
2025-04-03 19:41:25,Second Floor (Live Learning)),??,86
2025-04-03 19:41:25,Third Floor,??,226
2025-04-03 19:41:25,Hawthorns Study Lounge,??,80
2025-04-03 19:41:25,The Brambles,??,102
2025-04-03 19:41:25,Veterinary Sciences Library,??,83
2025-04-03 19:41:25,Wills Memorial Library: Ante Library and Cooper Room,60,66
2025-04-03 19:41:25,Wills Memorial Library: East Wing,207,246
2025-04-03 19:41:25,Wills Memorial Library: South Wing,216,251
2025-04-03 20:09:27,Ground Floor,178,267
2025-04-03 20:09:27,First Floor,140,252
2025-04-03 20:09:27,Second Floor,174,270
2025-04-03 20:09:27,Ground Floor,??,267
2025-04-03 20:09:27,First Floor,??,194
2025-04-03 20:09:27,Medical Library: Level A,89,91
2025-04-03 20:09:27,Medical Library: Level B,162,173
2025-04-03 20:09:27,Chemistry Library,205,231
2025-04-03 20:09:27,Education Library,83,92
2025-04-03 20:09:27,Grace Reeves Study Centre,??,124
2025-04-03 20:09:27,Physics Library,155,174
2025-04-03 20:09:27,Queen's Library,160,168
2025-04-03 20:09:27,Second Floor (Live Learning)),??,86
2025-04-03 20:09:27,Third Floor,??,226
2025-04-03 20:09:27,Hawthorns Study Lounge,??,80
2025-04-03 20:09:27,The Brambles,??,102
2025-04-03 20:09:27,Veterinary Sciences Library,??,83
2025-04-03 20:09:27,Wills Memorial Library: Ante Library and Cooper Room,60,66
2025-04-03 20:09:27,Wills Memorial Library: East Wing,207,246
2025-04-03 20:09:27,Wills Memorial Library: South Wing,216,251
2025-04-03 20:31:53,Ground Floor,178,267
2025-04-03 20:31:53,First Floor,140,252
2025-04-03 20:31:53,Second Floor,174,270
2025-04-03 20:31:53,Ground Floor,??,267
2025-04-03 20:31:53,First Floor,??,194
2025-04-03 20:31:53,Medical Library: Level A,89,91
2025-04-03 20:31:53,Medical Library: Level B,172,173
2025-04-03 20:31:53,Chemistry Library,205,231
2025-04-03 20:31:53,Education Library,83,92
2025-04-03 20:31:53,Grace Reeves Study Centre,??,124
2025-04-03 20:31:53,Physics Library,155,174
2025-04-03 20:31:53,Queen's Library,160,168
2025-04-03 20:31:53,Second Floor (Live Learning)),??,86
2025-04-03 20:31:53,Third Floor,??,226
2025-04-03 20:31:53,Hawthorns Study Lounge,??,80
2025-04-03 20:31:53,The Brambles,??,102
2025-04-03 20:31:53,Veterinary Sciences Library,??,83
2025-04-03 20:31:53,Wills Memorial Library: Ante Library and Cooper Room,60,66
2025-04-03 20:31:53,Wills Memorial Library: East Wing,207,246
2025-04-03 20:31:53,Wills Memorial Library: South Wing,216,251
2025-04-03 20:44:17,Ground Floor,178,267
2025-04-03 20:44:17,First Floor,140,252
2025-04-03 20:44:17,Second Floor,174,270
2025-04-03 20:44:17,Ground Floor,??,267
2025-04-03 20:44:17,First Floor,??,194
2025-04-03 20:44:17,Medical Library: Level A,89,91
2025-04-03 20:44:17,Medical Library: Level B,172,173
2025-04-03 20:44:17,Chemistry Library,205,231
2025-04-03 20:44:17,Education Library,83,92
2025-04-03 20:44:17,Grace Reeves Study Centre,??,124
2025-04-03 20:44:17,Physics Library,155,174
2025-04-03 20:44:17,Queen's Library,160,168
2025-04-03 20:44:17,Second Floor (Live Learning)),??,86
2025-04-03 20:44:17,Third Floor,??,226
2025-04-03 20:44:17,Hawthorns Study Lounge,??,80
2025-04-03 20:44:17,The Brambles,??,102
2025-04-03 20:44:17,Veterinary Sciences Library,??,83
2025-04-03 20:44:17,Wills Memorial Library: Ante Library and Cooper Room,60,66
2025-04-03 20:44:17,Wills Memorial Library: East Wing,207,246
2025-04-03 20:44:17,Wills Memorial Library: South Wing,216,251
2025-04-03 21:28:29,Ground Floor,178,267
2025-04-03 21:28:29,First Floor,140,252
2025-04-03 21:28:29,Second Floor,174,270
2025-04-03 21:28:29,Ground Floor,??,267
2025-04-03 21:28:29,First Floor,??,194
2025-04-03 21:28:29,Medical Library: Level A,89,91
2025-04-03 21:28:29,Medical Library: Level B,172,173
2025-04-03 21:28:29,Chemistry Library,??,231
2025-04-03 21:28:29,Education Library,??,92
2025-04-03 21:28:29,Grace Reeves Study Centre,??,124
2025-04-03 21:28:29,Physics Library,??,174
2025-04-03 21:28:29,Queen's Library,160,168
2025-04-03 21:28:29,Second Floor (Live Learning)),??,86
2025-04-03 21:28:29,Third Floor,??,226
2025-04-03 21:28:29,Hawthorns Study Lounge,??,80
2025-04-03 21:28:29,The Brambles,??,102
2025-04-03 21:28:29,Veterinary Sciences Library,??,83
2025-04-03 21:28:29,Wills Memorial Library: Ante Library and Cooper Room,60,66
2025-04-03 21:28:29,Wills Memorial Library: East Wing,207,246
2025-04-03 21:28:29,Wills Memorial Library: South Wing,216,251
2025-04-03 21:41:41,Ground Floor,178,267
2025-04-03 21:41:41,First Floor,140,252
2025-04-03 21:41:41,Second Floor,174,270
2025-04-03 21:41:41,Ground Floor,??,267
2025-04-03 21:41:41,First Floor,??,194
2025-04-03 21:41:41,Medical Library: Level A,89,91
2025-04-03 21:41:41,Medical Library: Level B,172,173
2025-04-03 21:41:41,Chemistry Library,??,231
2025-04-03 21:41:41,Education Library,??,92
2025-04-03 21:41:41,Grace Reeves Study Centre,??,124
2025-04-03 21:41:41,Physics Library,??,174
2025-04-03 21:41:41,Queen's Library,160,168
2025-04-03 21:41:41,Second Floor (Live Learning)),??,86
2025-04-03 21:41:41,Third Floor,??,226
2025-04-03 21:41:41,Hawthorns Study Lounge,??,80
2025-04-03 21:41:41,The Brambles,??,102
2025-04-03 21:41:41,Veterinary Sciences Library,??,83
2025-04-03 21:41:41,Wills Memorial Library: Ante Library and Cooper Room,60,66
2025-04-03 21:41:41,Wills Memorial Library: East Wing,207,246
2025-04-03 21:41:41,Wills Memorial Library: South Wing,216,251
2025-04-03 22:08:15,Ground Floor,??,267
2025-04-03 22:08:15,First Floor,??,252
2025-04-03 22:08:15,Second Floor,??,270
2025-04-03 22:08:15,Ground Floor,??,267
2025-04-03 22:08:15,First Floor,??,194
2025-04-03 22:08:15,Medical Library: Level A,89,91
2025-04-03 22:08:15,Medical Library: Level B,172,173
2025-04-03 22:08:15,Chemistry Library,??,231
2025-04-03 22:08:15,Education Library,??,92
2025-04-03 22:08:15,Grace Reeves Study Centre,??,124
2025-04-03 22:08:15,Physics Library,??,174
2025-04-03 22:08:15,Queen's Library,160,168
2025-04-03 22:08:15,Second Floor (Live Learning)),??,86
2025-04-03 22:08:15,Third Floor,??,226
2025-04-03 22:08:15,Hawthorns Study Lounge,??,80
2025-04-03 22:08:15,The Brambles,??,102
2025-04-03 22:08:15,Veterinary Sciences Library,??,83
2025-04-03 22:08:15,Wills Memorial Library: Ante Library and Cooper Room,60,66
2025-04-03 22:08:15,Wills Memorial Library: East Wing,207,246
2025-04-03 22:08:15,Wills Memorial Library: South Wing,216,251
2025-04-03 22:32:38,Ground Floor,??,267
2025-04-03 22:32:38,First Floor,??,252
2025-04-03 22:32:38,Second Floor,??,270
2025-04-03 22:32:38,Ground Floor,??,267
2025-04-03 22:32:38,First Floor,??,194
2025-04-03 22:32:38,Medical Library: Level A,89,91
2025-04-03 22:32:38,Medical Library: Level B,172,173
2025-04-03 22:32:38,Chemistry Library,??,231
2025-04-03 22:32:38,Education Library,??,92
2025-04-03 22:32:38,Grace Reeves Study Centre,??,124
2025-04-03 22:32:38,Physics Library,??,174
2025-04-03 22:32:38,Queen's Library,160,168
2025-04-03 22:32:38,Second Floor (Live Learning)),??,86
2025-04-03 22:32:38,Third Floor,??,226
2025-04-03 22:32:38,Hawthorns Study Lounge,??,80
2025-04-03 22:32:38,The Brambles,??,102
2025-04-03 22:32:38,Veterinary Sciences Library,??,83
2025-04-03 22:32:38,Wills Memorial Library: Ante Library and Cooper Room,??,66
2025-04-03 22:32:38,Wills Memorial Library: East Wing,??,246
2025-04-03 22:32:38,Wills Memorial Library: South Wing,??,251
2025-04-03 22:43:48,Ground Floor,??,267
2025-04-03 22:43:48,First Floor,??,252
2025-04-03 22:43:48,Second Floor,??,270
2025-04-03 22:43:48,Ground Floor,??,267
2025-04-03 22:43:48,First Floor,??,194
2025-04-03 22:43:48,Medical Library: Level A,89,91
2025-04-03 22:43:48,Medical Library: Level B,172,173
2025-04-03 22:43:48,Chemistry Library,??,231
2025-04-03 22:43:48,Education Library,??,92
2025-04-03 22:43:48,Grace Reeves Study Centre,??,124
2025-04-03 22:43:48,Physics Library,??,174
2025-04-03 22:43:48,Queen's Library,160,168
2025-04-03 22:43:48,Second Floor (Live Learning)),??,86
2025-04-03 22:43:48,Third Floor,??,226
2025-04-03 22:43:48,Hawthorns Study Lounge,??,80
2025-04-03 22:43:48,The Brambles,??,102
2025-04-03 22:43:48,Veterinary Sciences Library,??,83
2025-04-03 22:43:48,Wills Memorial Library: Ante Library and Cooper Room,??,66
2025-04-03 22:43:48,Wills Memorial Library: East Wing,??,246
2025-04-03 22:43:48,Wills Memorial Library: South Wing,??,251
2025-04-03 23:08:55,Ground Floor,??,267
2025-04-03 23:08:55,First Floor,??,252
2025-04-03 23:08:55,Second Floor,??,270
2025-04-03 23:08:55,Ground Floor,??,267
2025-04-03 23:08:55,First Floor,??,194
2025-04-03 23:08:55,Medical Library: Level A,89,91
2025-04-03 23:08:55,Medical Library: Level B,172,173
2025-04-03 23:08:55,Chemistry Library,??,231
2025-04-03 23:08:55,Education Library,??,92
2025-04-03 23:08:55,Grace Reeves Study Centre,??,124
2025-04-03 23:08:55,Physics Library,??,174
2025-04-03 23:08:55,Queen's Library,160,168
2025-04-03 23:08:55,Second Floor (Live Learning)),??,86
2025-04-03 23:08:55,Third Floor,??,226
2025-04-03 23:08:55,Hawthorns Study Lounge,??,80
2025-04-03 23:08:55,The Brambles,??,102
2025-04-03 23:08:55,Veterinary Sciences Library,??,83
2025-04-03 23:08:55,Wills Memorial Library: Ante Library and Cooper Room,??,66
2025-04-03 23:08:55,Wills Memorial Library: East Wing,??,246
2025-04-03 23:08:55,Wills Memorial Library: South Wing,??,251
2025-04-03 23:30:14,Ground Floor,??,267
2025-04-03 23:30:14,First Floor,??,252
2025-04-03 23:30:14,Second Floor,??,270
2025-04-03 23:30:14,Ground Floor,??,267
2025-04-03 23:30:14,First Floor,??,194
2025-04-03 23:30:14,Medical Library: Level A,89,91
2025-04-03 23:30:14,Medical Library: Level B,172,173
2025-04-03 23:30:14,Chemistry Library,??,231
2025-04-03 23:30:14,Education Library,??,92
2025-04-03 23:30:14,Grace Reeves Study Centre,??,124
2025-04-03 23:30:14,Physics Library,??,174
2025-04-03 23:30:14,Queen's Library,160,168
2025-04-03 23:30:14,Second Floor (Live Learning)),??,86
2025-04-03 23:30:14,Third Floor,??,226
2025-04-03 23:30:14,Hawthorns Study Lounge,??,80
2025-04-03 23:30:14,The Brambles,??,102
2025-04-03 23:30:14,Veterinary Sciences Library,??,83
2025-04-03 23:30:14,Wills Memorial Library: Ante Library and Cooper Room,??,66
2025-04-03 23:30:14,Wills Memorial Library: East Wing,??,246
2025-04-03 23:30:14,Wills Memorial Library: South Wing,??,251
2025-04-03 23:43:55,Ground Floor,??,267
2025-04-03 23:43:55,First Floor,??,252
2025-04-03 23:43:55,Second Floor,??,270
2025-04-03 23:43:55,Ground Floor,??,267
2025-04-03 23:43:55,First Floor,??,194
2025-04-03 23:43:55,Medical Library: Level A,89,91
2025-04-03 23:43:55,Medical Library: Level B,172,173
2025-04-03 23:43:55,Chemistry Library,??,231
2025-04-03 23:43:55,Education Library,??,92
2025-04-03 23:43:55,Grace Reeves Study Centre,??,124
2025-04-03 23:43:55,Physics Library,??,174
2025-04-03 23:43:55,Queen's Library,160,168
2025-04-03 23:43:55,Second Floor (Live Learning)),??,86
2025-04-03 23:43:55,Third Floor,??,226
2025-04-03 23:43:55,Hawthorns Study Lounge,??,80
2025-04-03 23:43:55,The Brambles,??,102
2025-04-03 23:43:55,Veterinary Sciences Library,??,83
2025-04-03 23:43:55,Wills Memorial Library: Ante Library and Cooper Room,??,66
2025-04-03 23:43:55,Wills Memorial Library: East Wing,??,246
2025-04-03 23:43:55,Wills Memorial Library: South Wing,??,251
2025-04-04 02:14:49,Ground Floor,??,267
2025-04-04 02:14:49,First Floor,??,252
2025-04-04 02:14:49,Second Floor,??,270
2025-04-04 02:14:49,Ground Floor,??,267
2025-04-04 02:14:49,First Floor,??,194
2025-04-04 02:14:49,Medical Library: Level A,??,91
2025-04-04 02:14:49,Medical Library: Level B,??,173
2025-04-04 02:14:49,Chemistry Library,??,231
2025-04-04 02:14:49,Education Library,??,92
2025-04-04 02:14:49,Grace Reeves Study Centre,??,124
2025-04-04 02:14:49,Physics Library,??,174
2025-04-04 02:14:49,Queen's Library,??,168
2025-04-04 02:14:49,Second Floor (Live Learning)),??,86
2025-04-04 02:14:49,Third Floor,??,226
2025-04-04 02:14:49,Hawthorns Study Lounge,??,80
2025-04-04 02:14:49,The Brambles,??,102
2025-04-04 02:14:49,Veterinary Sciences Library,??,83
2025-04-04 02:14:49,Wills Memorial Library: Ante Library and Cooper Room,??,66
2025-04-04 02:14:49,Wills Memorial Library: East Wing,??,246
2025-04-04 02:14:49,Wills Memorial Library: South Wing,??,251
2025-04-04 03:07:31,Ground Floor,??,267
2025-04-04 03:07:31,First Floor,??,252
2025-04-04 03:07:31,Second Floor,??,270
2025-04-04 03:07:31,Ground Floor,??,267
2025-04-04 03:07:31,First Floor,??,194
2025-04-04 03:07:31,Medical Library: Level A,??,91
2025-04-04 03:07:31,Medical Library: Level B,??,173
2025-04-04 03:07:31,Chemistry Library,??,231
2025-04-04 03:07:31,Education Library,??,92
2025-04-04 03:07:31,Grace Reeves Study Centre,??,124
2025-04-04 03:07:31,Physics Library,??,174
2025-04-04 03:07:31,Queen's Library,??,168
2025-04-04 03:07:31,Second Floor (Live Learning)),??,86
2025-04-04 03:07:31,Third Floor,??,226
2025-04-04 03:07:31,Hawthorns Study Lounge,??,80
2025-04-04 03:07:31,The Brambles,??,102
2025-04-04 03:07:31,Veterinary Sciences Library,??,83
2025-04-04 03:07:31,Wills Memorial Library: Ante Library and Cooper Room,??,66
2025-04-04 03:07:31,Wills Memorial Library: East Wing,??,246
2025-04-04 03:07:31,Wills Memorial Library: South Wing,??,251
2025-04-04 03:43:11,Ground Floor,??,267
2025-04-04 03:43:11,First Floor,??,252
2025-04-04 03:43:11,Second Floor,??,270
2025-04-04 03:43:11,Ground Floor,??,267
2025-04-04 03:43:11,First Floor,??,194
2025-04-04 03:43:11,Medical Library: Level A,??,91
2025-04-04 03:43:11,Medical Library: Level B,??,173
2025-04-04 03:43:11,Chemistry Library,??,231
2025-04-04 03:43:11,Education Library,??,92
2025-04-04 03:43:11,Grace Reeves Study Centre,??,124
2025-04-04 03:43:11,Physics Library,??,174
2025-04-04 03:43:11,Queen's Library,??,168
2025-04-04 03:43:11,Second Floor (Live Learning)),??,86
2025-04-04 03:43:11,Third Floor,??,226
2025-04-04 03:43:11,Hawthorns Study Lounge,??,80
2025-04-04 03:43:11,The Brambles,??,102
2025-04-04 03:43:11,Veterinary Sciences Library,??,83
2025-04-04 03:43:11,Wills Memorial Library: Ante Library and Cooper Room,??,66
2025-04-04 03:43:11,Wills Memorial Library: East Wing,??,246
2025-04-04 03:43:11,Wills Memorial Library: South Wing,??,251
2025-04-04 04:11:07,Ground Floor,??,267
2025-04-04 04:11:07,First Floor,??,252
2025-04-04 04:11:07,Second Floor,??,270
2025-04-04 04:11:07,Ground Floor,??,267
2025-04-04 04:11:07,First Floor,??,194
2025-04-04 04:11:07,Medical Library: Level A,??,91
2025-04-04 04:11:07,Medical Library: Level B,??,173
2025-04-04 04:11:07,Chemistry Library,??,231
2025-04-04 04:11:07,Education Library,??,92
2025-04-04 04:11:07,Grace Reeves Study Centre,??,124
2025-04-04 04:11:07,Physics Library,??,174
2025-04-04 04:11:07,Queen's Library,??,168
2025-04-04 04:11:07,Second Floor (Live Learning)),??,86
2025-04-04 04:11:07,Third Floor,??,226
2025-04-04 04:11:07,Hawthorns Study Lounge,??,80
2025-04-04 04:11:07,The Brambles,??,102
2025-04-04 04:11:07,Veterinary Sciences Library,??,83
2025-04-04 04:11:07,Wills Memorial Library: Ante Library and Cooper Room,??,66
2025-04-04 04:11:07,Wills Memorial Library: East Wing,??,246
2025-04-04 04:11:07,Wills Memorial Library: South Wing,??,251
2025-04-04 04:47:26,Ground Floor,??,267
2025-04-04 04:47:26,First Floor,??,252
2025-04-04 04:47:26,Second Floor,??,270
2025-04-04 04:47:26,Ground Floor,??,267
2025-04-04 04:47:26,First Floor,??,194
2025-04-04 04:47:26,Medical Library: Level A,??,91
2025-04-04 04:47:26,Medical Library: Level B,??,173
2025-04-04 04:47:26,Chemistry Library,??,231
2025-04-04 04:47:26,Education Library,??,92
2025-04-04 04:47:26,Grace Reeves Study Centre,??,124
2025-04-04 04:47:26,Physics Library,??,174
2025-04-04 04:47:26,Queen's Library,??,168
2025-04-04 04:47:26,Second Floor (Live Learning)),??,86
2025-04-04 04:47:26,Third Floor,??,226
2025-04-04 04:47:26,Hawthorns Study Lounge,??,80
2025-04-04 04:47:26,The Brambles,??,102
2025-04-04 04:47:26,Veterinary Sciences Library,??,83
2025-04-04 04:47:26,Wills Memorial Library: Ante Library and Cooper Room,??,66
2025-04-04 04:47:26,Wills Memorial Library: East Wing,??,246
2025-04-04 04:47:26,Wills Memorial Library: South Wing,??,251
2025-04-04 05:09:38,Ground Floor,??,267
2025-04-04 05:09:38,First Floor,??,252
2025-04-04 05:09:38,Second Floor,??,270
2025-04-04 05:09:38,Ground Floor,??,267
2025-04-04 05:09:38,First Floor,??,194
2025-04-04 05:09:38,Medical Library: Level A,??,91
2025-04-04 05:09:38,Medical Library: Level B,??,173
2025-04-04 05:09:38,Chemistry Library,??,231
2025-04-04 05:09:38,Education Library,??,92
2025-04-04 05:09:38,Grace Reeves Study Centre,??,124
2025-04-04 05:09:38,Physics Library,??,174
2025-04-04 05:09:38,Queen's Library,??,168
2025-04-04 05:09:38,Second Floor (Live Learning)),??,86
2025-04-04 05:09:38,Third Floor,??,226
2025-04-04 05:09:38,Hawthorns Study Lounge,??,80
2025-04-04 05:09:38,The Brambles,??,102
2025-04-04 05:09:38,Veterinary Sciences Library,??,83
2025-04-04 05:09:38,Wills Memorial Library: Ante Library and Cooper Room,??,66
2025-04-04 05:09:38,Wills Memorial Library: East Wing,??,246
2025-04-04 05:09:38,Wills Memorial Library: South Wing,??,251
2025-04-04 05:33:31,Ground Floor,??,267
2025-04-04 05:33:31,First Floor,??,252
2025-04-04 05:33:31,Second Floor,??,270
2025-04-04 05:33:31,Ground Floor,??,267
2025-04-04 05:33:31,First Floor,??,194
2025-04-04 05:33:31,Medical Library: Level A,??,91
2025-04-04 05:33:31,Medical Library: Level B,??,173
2025-04-04 05:33:31,Chemistry Library,??,231
2025-04-04 05:33:31,Education Library,??,92
2025-04-04 05:33:31,Grace Reeves Study Centre,??,124
2025-04-04 05:33:31,Physics Library,??,174
2025-04-04 05:33:31,Queen's Library,??,168
2025-04-04 05:33:31,Second Floor (Live Learning)),??,86
2025-04-04 05:33:31,Third Floor,??,226
2025-04-04 05:33:31,Hawthorns Study Lounge,??,80
2025-04-04 05:33:31,The Brambles,??,102
2025-04-04 05:33:31,Veterinary Sciences Library,??,83
2025-04-04 05:33:31,Wills Memorial Library: Ante Library and Cooper Room,??,66
2025-04-04 05:33:31,Wills Memorial Library: East Wing,??,246
2025-04-04 05:33:31,Wills Memorial Library: South Wing,??,251
2025-04-04 05:43:59,Ground Floor,??,267
2025-04-04 05:43:59,First Floor,??,252
2025-04-04 05:43:59,Second Floor,??,270
2025-04-04 05:43:59,Ground Floor,??,267
2025-04-04 05:43:59,First Floor,??,194
2025-04-04 05:43:59,Medical Library: Level A,??,91
2025-04-04 05:43:59,Medical Library: Level B,??,173
2025-04-04 05:43:59,Chemistry Library,??,231
2025-04-04 05:43:59,Education Library,??,92
2025-04-04 05:43:59,Grace Reeves Study Centre,??,124
2025-04-04 05:43:59,Physics Library,??,174
2025-04-04 05:43:59,Queen's Library,??,168
2025-04-04 05:43:59,Second Floor (Live Learning)),??,86
2025-04-04 05:43:59,Third Floor,??,226
2025-04-04 05:43:59,Hawthorns Study Lounge,??,80
2025-04-04 05:43:59,The Brambles,??,102
2025-04-04 05:43:59,Veterinary Sciences Library,??,83
2025-04-04 05:43:59,Wills Memorial Library: Ante Library and Cooper Room,??,66
2025-04-04 05:43:59,Wills Memorial Library: East Wing,??,246
2025-04-04 05:43:59,Wills Memorial Library: South Wing,??,251
2025-04-04 06:14:06,Ground Floor,??,267
2025-04-04 06:14:06,First Floor,??,252
2025-04-04 06:14:06,Second Floor,??,270
2025-04-04 06:14:06,Ground Floor,??,267
2025-04-04 06:14:06,First Floor,??,194
2025-04-04 06:14:06,Medical Library: Level A,??,91
2025-04-04 06:14:06,Medical Library: Level B,??,173
2025-04-04 06:14:06,Chemistry Library,??,231
2025-04-04 06:14:06,Education Library,??,92
2025-04-04 06:14:06,Grace Reeves Study Centre,??,124
2025-04-04 06:14:06,Physics Library,??,174
2025-04-04 06:14:06,Queen's Library,??,168
2025-04-04 06:14:06,Second Floor (Live Learning)),??,86
2025-04-04 06:14:06,Third Floor,??,226
2025-04-04 06:14:06,Hawthorns Study Lounge,??,80
2025-04-04 06:14:06,The Brambles,??,102
2025-04-04 06:14:06,Veterinary Sciences Library,??,83
2025-04-04 06:14:06,Wills Memorial Library: Ante Library and Cooper Room,??,66
2025-04-04 06:14:06,Wills Memorial Library: East Wing,??,246
2025-04-04 06:14:06,Wills Memorial Library: South Wing,??,251
2025-04-04 06:41:10,Ground Floor,??,267
2025-04-04 06:41:10,First Floor,??,252
2025-04-04 06:41:10,Second Floor,??,270
2025-04-04 06:41:10,Ground Floor,??,267
2025-04-04 06:41:10,First Floor,??,194
2025-04-04 06:41:10,Medical Library: Level A,??,91
2025-04-04 06:41:10,Medical Library: Level B,??,173
2025-04-04 06:41:10,Chemistry Library,??,231
2025-04-04 06:41:10,Education Library,??,92
2025-04-04 06:41:10,Grace Reeves Study Centre,??,124
2025-04-04 06:41:10,Physics Library,??,174
2025-04-04 06:41:10,Queen's Library,??,168
2025-04-04 06:41:10,Second Floor (Live Learning)),??,86
2025-04-04 06:41:10,Third Floor,??,226
2025-04-04 06:41:10,Hawthorns Study Lounge,??,80
2025-04-04 06:41:10,The Brambles,??,102
2025-04-04 06:41:10,Veterinary Sciences Library,??,83
2025-04-04 06:41:10,Wills Memorial Library: Ante Library and Cooper Room,??,66
2025-04-04 06:41:10,Wills Memorial Library: East Wing,??,246
2025-04-04 06:41:10,Wills Memorial Library: South Wing,??,251
